"","X","Y","StateAbbv","EndID","TrueAlignment","TORA","trueNorm"
"1",-86.6164709440318,31.8514564164853,NA,"14",140,5200,140
"2",-87.680243916367,30.2902842496839,NA,"09",90,6962,90
"3",-86.7654647777424,34.6530988057976,9,"18L",181,10006,1
"4",-86.7821005554198,34.6527852780143,8,"18R",181,12600,1
"5",-87.3220787503581,33.902209194486,NA,"09",92,5001,92
"6",-87.7141743051344,34.4378158889224,NA,"02",16,5000,16
"7",-94.1720058329035,36.0131902498511,NA,"16",169,6005,169
"8",-94.3119830551218,36.2932028336253,NA,"16",160,8800,160
"9",-94.3138921664417,36.29263111083,NA,"17",160,8800,160
"10",-94.3693056664141,35.3322608052721,NA,"01",21,5001,21
"11",-94.3814535552551,35.3336058055654,NA,"07",81,8000,81
"12",-93.1062636384811,34.4730208608511,NA,"05",54,6595,54
"13",-93.0992552781801,34.4814804167613,NA,"13",134,4100,134
"14",-92.2380233329313,34.7225126668162,NA,"04L",47,8273,47
"15",-92.2212199996905,34.7193864167603,NA,"04R",47,8250,47
"16",-92.2380943330764,34.7397899440913,NA,"18",182,6224,2
"17",-150.008333277509,61.1697649720871,8,"07L",90,10600,90
"18",-150.042871305599,61.1678115556166,8,"07R",90,10900,90
"19",-150.014676888992,61.1999913611828,8,"15",165,10493,165
"20",-149.651020555213,61.2713805554669,2,"17",191,4088,11
"21",-156.798776861228,71.2848681943594,NA,"07",90,7100,90
"22",-162.732236110755,55.1992027778411,NA,"08",95,6235,95
"23",-147.885884389032,64.8026321112701,7,"02L",38,11800,38
"24",-134.596969444684,58.3578472222695,NA,"08",105,8857,105
"25",-151.258387499895,60.5631113889732,5,"01L",31,7830,31
"26",-156.664726499574,58.6839400001468,NA,"12",132,8901,132
"27",-152.519035916448,57.7521916112757,NA,"07",92,7542,92
"28",-152.502267110853,57.7549197500926,NA,"11",127,5399,127
"29",-155.605305555769,62.9591999999638,NA,"16",179,5936,179
"30",-149.08749722203,61.6039888887751,NA,"16",180,6008,180
"31",-132.961303277847,56.7985835833797,NA,"05",71,6400,71
"32",-162.91431388847,68.0255999999102,NA,"03",42,6337,42
"33",-160.527943250166,55.3197863612315,NA,"13",148,5213,148
"34",-135.373031166529,57.053475527783,NA,"11",136,7200,136
"35",-166.551673889082,53.9029470279353,NA,"12",136,4100,136
"36",-146.26293477785,61.132867472194,NA,"06",81,6500,81
"37",-139.68486480572,59.4962724167169,NA,"02",45,7647,45
"38",-87.4467777774654,31.0230222225942,NA,"18",180,4952,180
"39",-85.4616457774423,31.330589222345,3,"14",135,8496,135
"40",-85.4455600552814,31.3265414719854,3,"18",180,5500,180
"41",-94.001355778141,33.4462519724499,NA,"04",45,6601,45
"42",-93.9936574443282,33.4600960554478,NA,"13",135,5200,135
"43",-170.725234166705,-14.3405047218115,NA,"05",60,9200,60
"44",-111.678924360937,35.1312183056353,NA,"03",41,8800,41
"45",-111.924652777453,32.9861749999103,NA,"04",48,4751,48
"46",-112.029793721923,33.4408607222204,NA,"08",90,11489,90
"47",-112.420448528104,34.6564905555411,NA,"03L",41,4848,41
"48",-112.42800469454,34.6464625555564,NA,"03R",41,7616,41
"49",-112.427966083153,34.652738305645,NA,"12",137,4408,137
"50",-111.919938055922,33.6147278336948,NA,"03",44,8249,44
"51",-110.959040444572,32.117166944486,7,"03",45,7000,45
"52",-109.990936111431,33.8030361112622,NA,"01",30,6100,30
"53",-124.113123388765,40.9852786668512,NA,"14",153,6001,153
"54",-118.369142832948,34.1979109723695,4,"08",91,5801,91
"55",-118.360461249937,34.2123446391676,4,"15",167,6885,167
"56",-117.287924944307,33.1269883889424,NA,"06",79,4897,79
"57",-122.061328333178,37.9819516947711,NA,"01L",24,4710,24
"58",-122.058855361033,37.996512777507,NA,"14L",154,4601,154
"59",-118.037673333428,34.0810419445631,NA,"01",25,3504,25
"60",-119.730085583587,36.7840015003241,NA,"11L",125,9539,125
"61",-118.343341944177,33.9224533336083,NA,"07",87,4956,87
"62",-118.417925000035,34.2635277779597,NA,"12",139,3442,139
"63",-121.856665583307,36.5911545000946,NA,"10R",113,7616,113
"64",-122.242114305667,37.7200620832832,7,"12",129,8490,129
"65",-116.517448083618,33.8406795274576,5,"13R",143,10000,143
"66",-117.204355833151,32.7371217502673,7,"09",106,9401,106
"67",-122.393391138502,37.6287386110174,8,"10L",117,11870,117
"68",-122.393105416749,37.6262900277931,8,"10R",117,11381,117
"69",-121.940175166703,37.3749926941614,NA,"12L",139,10139,139
"70",-121.941986888968,37.3737278057161,NA,"12R",139,9883,139
"71",-122.820962083723,38.5031657218795,NA,"02",29,5002,29
"72",-107.904857250082,38.509224083518,NA,"13",139,7510,139
"73",-107.892739832994,38.5298313888638,NA,"17",180,10000,180
"74",-104.510063889036,38.2871250003377,NA,"08R",88,10496,88
"75",-104.504081805438,38.3041833052955,NA,"17",178,8308,178
"76",-106.869949333427,40.5216975003155,NA,"14",153,4452,153
"77",-107.920651999838,37.9563225552093,NA,"09",105,7111,105
"78",-73.1319561389147,41.1570443889389,NA,"06",45,4677,45
"79",-73.1349616943445,41.1662385002234,NA,"11",98,4761,98
"80",-72.0480259723271,41.3250322503027,NA,"05",34,5000,34
"81",-72.0530142218784,41.333116139133,NA,"15",135,4000,135
"82",-72.8882460275346,41.256050111348,NA,"02",3,5600,3
"83",-72.8903296392934,41.2670639722207,NA,"14",131,3630,131
"84",-73.1368828610555,41.4861383053332,NA,"18",171,5800,171
"85",-72.679619694136,41.9337248612163,NA,"01",359,4268,179
"86",-72.6965800555835,41.9320142219411,NA,"06",44,9509,44
"87",-72.6932526113295,41.9423973055759,NA,"15",134,6847,134
"88",-77.036748444399,38.8415681944527,5,"01",355,6869,175
"89",-77.0407586109638,38.8422693891554,5,"04",26,4911,26
"90",-77.0438185836386,38.8616968331595,5,"15",143,5204,143
"91",-77.4597775282047,38.9390664441861,8,"01C",1,11500,1
"92",-77.4748097502179,38.9449666664123,8,"01L",1,9400,1
"93",-77.4364505557087,38.9237572219022,8,"01R",1,11500,1
"94",-77.4904441668649,38.9437722225392,8,"12",111,10501,111
"95",-75.6027123608487,39.2169272775692,NA,"09",73,3582,73
"96",-75.6038233612594,39.6692919164817,NA,"01",5,7012,5
"97",-75.6205869997445,39.6780648054881,NA,"09",78,7275,78
"98",-75.6166900559397,39.6802495834153,NA,"14",131,4602,131
"99",-80.114395722145,26.3723115281335,NA,"05",44,6276,44
"100",-119.991985832971,38.9053218610253,NA,"18",193,8541,13
"101",-121.250888972047,37.9023419443606,NA,"11L",128,9600,128
"102",-119.400761138795,36.3249873608954,NA,"12",135,6560,135
"103",-105.875596333685,37.4251831664142,NA,"02",32,8519,32
"104",-106.873148416511,39.2321761941402,NA,"15",160,7006,160
"105",-104.715354722089,38.8231556666222,NA,"13",135,8269,135
"106",-104.685734083543,38.8160880555515,NA,"17L",180,13501,180
"107",-104.715895833081,38.824076222139,NA,"17R",180,11022,180
"108",-108.636253472072,37.2955994998963,NA,"03",42,7205,42
"109",-105.118076916384,39.9058784720801,NA,"02",34,3600,34
"110",-105.128413138655,39.9152928610788,NA,"11L",124,9000,124
"111",-105.131540500248,39.9141949166884,NA,"11R",124,7002,124
"112",-104.72665638895,39.840945055871,9,"07",90,12000,90
"113",-104.662229638981,39.8775558052231,9,"08",91,12000,91
"114",-104.68680549969,39.897036139232,9,"16L",181,12000,1
"115",-104.696083500269,39.8957969447441,9,"16R",180,16000,180
"116",-104.641304416601,39.8649524169271,9,"17L",181,12000,1
"117",-104.660154472284,39.8612450280015,9,"17R",181,12000,1
"118",-106.931755555778,39.6410278052686,NA,"07",82,9000,82
"119",-105.011571666355,40.4527988890214,NA,"06",71,2273,71
"120",-105.017415833404,40.4622805555272,NA,"15",160,8500,160
"121",-106.945084999611,38.5324388888902,NA,"06",74,9400,74
"122",-106.939391222218,38.5325137501818,NA,"17",180,3000,180
"123",-81.077787361253,29.1725505003333,NA,"07L",65,10500,65
"124",-81.0568417498117,29.1760322220397,NA,"07R",65,3195,65
"125",-81.0563310279283,29.1908799998846,NA,"16",157,6001,157
"126",-80.1665396940464,26.0769501943074,NA,"10L",90,9000,90
"127",-81.8710944440531,26.5800082224803,NA,"05",48,6401,48
"128",-81.8682050003653,26.5919074998119,NA,"13",130,4909,130
"129",-82.0338684162558,27.9892372225082,NA,"09",90,8499,90
"130",-80.6373922224445,28.095903333135,NA,"05",42,3000,42
"131",-80.6598591667521,28.1054052775035,NA,"09L",87,6000,87
"132",-80.6611319447624,28.1012813885719,NA,"09R",87,10181,87
"133",-80.3015421665955,25.8028978609501,7,"08L",87,8600,87
"134",-80.3014335000906,25.8006986114126,7,"08R",87,10506,87
"135",-80.3148383332367,25.7860945833302,7,"09",87,13016,87
"136",-80.3022903608192,25.7992850558522,7,"12",119,9355,119
"137",-80.2886723053539,25.9126466667895,NA,"09L",87,8002,87
"138",-80.2851679720406,25.899039583466,NA,"09R",87,4306,87
"139",-80.2887797223023,25.9106097502007,NA,"12",122,6800,122
"140",-81.7824777774684,26.1462111108856,NA,"05",44,5800,44
"141",-81.7802528607155,26.1576186942894,NA,"14",134,5000,134
"142",-82.2230608330546,29.1788227225615,NA,"18",180,7467,180
"143",-81.2825812220365,28.4436966669339,1,"17L",179,9000,179
"144",-81.2958793335303,28.4356119164614,1,"17R",179,10000,179
"145",-81.3223061665946,28.4483343890123,9,"18L",179,12005,179
"146",-81.3269747497537,28.4482935834467,1,"18R",179,12004,179
"147",-81.2454743329323,28.7784537777639,NA,"09C",90,3578,90
"148",-81.2559499997871,28.7817333329927,NA,"09L",90,11000,90
"149",-81.2363576940331,28.7699415834513,NA,"09R",90,6647,90
"150",-81.2347883336385,28.7832854725209,NA,"18",180,6002,180
"151",-81.3392741664169,28.5428282220292,NA,"07",67,6004,67
"152",-80.694059333074,26.7906609442371,NA,"17",174,4069,174
"153",-84.5607249999098,30.600777777649,NA,"14",136,2964,136
"154",-81.341052305165,29.9544688330796,5,"02",21,2610,21
"155",-81.3412784722074,29.9539821114719,1,"06",62,2701,62
"156",-81.350713889065,29.9674222223022,1,"13",126,8002,126
"157",-82.6336280282,27.7631755832171,NA,"07",62,3647,62
"158",-82.6891417226659,27.8999733889651,NA,"04",40,5903,40
"159",-82.6954336109508,27.9092686666782,NA,"09",88,4712,88
"160",-82.6907051667561,27.9234143053943,NA,"18L",171,9730,171
"161",-82.6918851946116,27.9211737498196,NA,"18R",171,4000,171
"162",-82.5576514724349,27.3899825555673,NA,"04",38,5009,38
"163",-82.5656435831933,27.4046220002985,NA,"14",134,8350,134
"164",-82.5423555275121,27.9632942219059,NA,"01L",2,11002,2
"165",-82.5289913610989,27.9643103610252,NA,"01R",2,8300,2
"166",-82.5360842223254,27.9708310000902,NA,"10",92,6999,92
"167",-82.3477021110656,28.0121220833078,NA,"05",42,5000,42
"168",-82.3495629442272,28.0135358614013,NA,"18",180,3259,180
"169",-82.4540654443473,27.9108920833432,NA,"04",37,3405,37
"170",-82.4481192223939,27.9199599445223,NA,"18",173,2486,173
"171",-80.8106707773727,28.51505188871,NA,"09",89,5000,89
"172",-80.7969009443535,28.5246155554208,NA,"18",179,7319,179
"173",-80.1083696390645,26.6832085835409,9,"10L",93,10000,93
"174",-80.1062887222516,26.6811900831701,NA,"10R",93,3213,93
"175",-80.1040231666135,26.6918325554296,NA,"14",135,6931,135
"176",-84.4390254717907,33.6495343054035,6,"08L",90,9000,90
"177",-84.4383649163078,33.6467871663105,7,"08R",90,10000,90
"178",-84.447966861056,33.6347044441776,6,"09L",90,12390,90
"179",-84.4479653330217,33.6318132780179,6,"09R",90,9000,90
"180",-84.4478766666083,33.6202731664005,7,"10",90,9000,90
"181",-84.6074122499409,34.0129699721918,NA,"09",89,6311,89
"182",-84.3039917773956,33.8685910003486,NA,"03R",21,5411,21
"183",-81.3989482221699,31.1457079443962,NA,"04",36,5580,36
"184",-83.6606346941962,32.6860188887337,NA,"05",48,6501,48
"185",-83.650779416453,32.6983689169581,NA,"13",130,5000,130
"186",-81.1999918054439,32.1165704443628,NA,"01",360,7002,180
"187",-81.2187926666865,32.1287538334165,NA,"10",91,9351,91
"188",144.78143055586,13.4777416668004,6,"06L",65,10015,65
"189",144.784816999665,13.4771597499293,6,"06R",65,10014,65
"190",-155.062438972664,19.7124899724903,NA,"03",41,5600,41
"191",-157.927134889143,21.3139180275032,NA,"04R",53,9000,53
"192",-95.0504240281644,41.4098365278758,NA,"12",123,3132,123
"193",-93.8508347222091,42.0543456945643,NA,"15",149,4807,149
"194",-91.135985777551,40.7914062779196,NA,"12",120,4850,120
"195",-91.1239429718353,40.7887791663293,NA,"18",180,6702,180
"196",-91.7291683885156,41.8846497220562,NA,"09",91,8600,91
"197",-91.7151344723625,41.8911174163481,NA,"13",136,6200,136
"198",-90.3330311110947,41.8263364445804,NA,"03",30,5204,30
"199",-90.3342413052758,41.83320116642,NA,"14",144,4200,144
"200",-90.7155170279506,42.4093111108699,NA,"13",135,6502,135
"201",-94.2057440837096,42.5476266666847,NA,"06",65,6547,65
"202",-94.1961264166473,42.5552986391166,NA,"12",127,5301,127
"203",-91.5577791666997,41.638222777868,NA,"07",71,5004,71
"204",-92.9479984723862,41.4084552219064,NA,"16",167,5400,167
"205",-116.236911528182,43.5702100002414,NA,"10L",115,10000,115
"206",-116.242615333468,43.5700336946295,NA,"10R",115,9763,115
"207",-116.820865639333,47.7666016391266,NA,"02",32,5400,32
"208",-116.837082999718,47.7719095275469,NA,"06",70,7400,70
"209",-116.544672221802,43.8546833330868,NA,"10",116,2934,116
"210",-114.303762305467,43.51223900003,NA,"13",145,7150,145
"211",-112.085213999685,43.5025153334078,NA,"02",38,9002,38
"212",-112.061593444279,43.5225925556347,NA,"17",182,4051,2
"213",-117.027578305157,46.3737612501798,NA,"08",98,6512,98
"214",-117.023536055261,46.3817897219451,NA,"12",131,5000,131
"215",-112.600778750215,42.9017071112266,NA,"03",45,9060,45
"216",-112.604907389295,42.9187037500772,NA,"17",180,7150,180
"217",-111.804214500162,43.8396435001522,NA,"17",186,4200,6
"218",-88.9160253336165,40.4640501387647,NA,"02",18,8000,18
"219",-88.932342610915,40.4830700278874,NA,"11",107,6525,107
"220",-90.1685315551813,38.5723565278504,NA,"05",47,2799,47
"221",-90.1582092226606,38.573774666515,NA,"12L",122,5300,122
"222",-90.1650651388579,38.5740017497987,NA,"12R",122,7002,122
"223",-89.2588016940551,37.775523749965,NA,"06",61,4164,61
"224",-89.2479339718676,37.7885736668769,NA,"18L",181,6506,1
"225",-89.2584778891244,37.7797364441938,NA,"18R",181,3498,1
"226",-88.2854063889937,40.0318224441205,NA,"04",41,6501,41
"227",-88.2857314443793,40.0473622497659,NA,"14L",136,8102,136
"228",-88.2811736944616,40.0405032496917,NA,"14R",136,3817,136
"229",-88.2822983887905,40.0470686111775,NA,"18",179,5302,179
"230",-87.7611945830992,41.7813685002746,NA,"04L",43,5507,43
"231",-87.7593182504057,41.7791623332299,NA,"04R",43,6446,43
"232",-87.7610701107368,41.7915740552502,NA,"13C",134,6522,134
"233",-87.7579408330378,41.7923166385605,NA,"13L",134,5141,134
"234",-87.9139177502539,41.9816555835829,1,"04L",39,7500,39
"235",-87.8994184995971,41.9533271666652,1,"04R",42,8075,42
"236",-87.9266760829581,42.0028320557023,9,"09L",90,7500,90
"237",-87.9183519997863,41.983897277982,1,"09R",90,7967,90
"238",-87.931521610872,41.9657014164286,9,"10C",90,10801,90
"239",-87.9315317223088,41.9689948891281,1,"10L",90,13000,90
"240",-87.9153680551273,42.0024348056104,1,"14L",140,10005,140
"241",-87.9331397497865,41.9904351668897,1,"14R",140,9685,140
"242",-88.8745166663824,39.8270981109463,NA,"06",59,8496,59
"243",-88.8748005834196,39.8412510557599,NA,"12",119,6799,119
"244",-88.8743729440218,39.8414510275094,NA,"18",179,5298,179
"245",-88.288328805344,39.4741413614563,NA,"06",60,5799,60
"246",-88.2896878332997,39.481263083577,NA,"11",113,6501,113
"247",-88.2884008888573,39.4789822497529,NA,"18",175,1080,175
"248",-90.5157734723383,41.4416593335718,NA,"05",49,5015,49
"249",-90.527020138947,41.4491848057129,NA,"09",91,10002,91
"250",-90.5154327224864,41.4549674165984,NA,"13",127,7301,127
"251",-88.8667511664341,38.3178138890635,3,"05",50,6496,50
"252",-88.8620970551342,38.3266889443703,NA,"15",150,3146,150
"253",-89.6947199995935,40.6540344724113,NA,"04",39,8004,39
"254",-89.7138681387452,40.673706721886,NA,"13",127,10104,127
"255",-91.1995632503688,39.9361447225051,NA,"04",40,7098,40
"256",-91.2005247774045,39.9458337219724,NA,"13",135,5397,135
"257",-91.1993419441103,39.952147221885,NA,"18",179,5400,179
"258",-89.0914156112837,42.1834684998787,NA,"01",5,8199,5
"259",-89.1199227503065,42.190229111185,NA,"07",65,10002,65
"260",-89.6864416667209,39.8368973058227,NA,"04",42,8001,42
"261",-89.688737583619,39.8501370276794,NA,"13",127,7400,127
"262",-89.6794678610156,39.8503090831901,NA,"18",181,5300,1
"263",-85.0895509726168,41.6354527221376,NA,"05",47,4540,47
"264",-85.9018770276105,39.2673708608395,NA,"14",135,5000,135
"265",-86.0142690553753,41.7195822780388,NA,"08",89,2480,89
"266",-86.0193880277667,41.7209013055111,NA,"09",90,6500,90
"267",-85.9932771115265,41.7222493888463,NA,"18",172,4001,172
"268",-87.5340794164753,38.0460142500097,NA,"18",181,5497,1
"269",-85.2126920829679,40.9626864720636,NA,"05",44,11981,44
"270",-85.19878233375,40.9758699722276,NA,"09",90,4001,90
"271",-85.2036628609257,40.9935195002492,NA,"14",135,8001,135
"272",-86.3208170278536,39.7063980554712,1,"05L",45,11200,45
"273",-86.304429083685,39.7002413611373,9,"05R",45,10000,45
"274",-86.2888363892913,39.7342244998113,6,"14",135,7280,135
"275",-86.9390201107962,40.4081841386317,NA,"05",50,4225,50
"276",-86.3817222498564,40.7111901111055,NA,"09",89,5001,89
"277",-85.396602610712,40.2360745832805,NA,"03",22,5197,22
"278",-85.4059023891482,40.2487259169547,NA,"14",136,6500,136
"279",-84.850098917006,39.7516431664846,NA,"06",55,5500,55
"280",-86.3287784997727,41.7139428331634,NA,"09L",89,4300,89
"281",-86.3294160556894,41.7043280277208,NA,"09R",89,8414,89
"282",-86.319395416967,41.7187536664457,NA,"18",179,7100,179
"283",-87.3231588612995,39.4405223330909,NA,"05",47,9020,47
"284",-87.3104423334937,39.4597405001623,NA,"14",135,7200,135
"285",-87.3099412774828,39.4603774999369,NA,"18",180,4000,180
"286",-87.0198931109855,41.4524137222409,NA,"09",90,7000,90
"287",-87.0070261387258,41.4622045280927,NA,"18",180,4001,180
"288",-85.8462341113892,41.2724078889828,NA,"09",89,5100,89
"289",-99.9677496114852,37.7554473058941,NA,"02",32,4649,32
"290",-99.9720189168567,37.7731588612618,NA,"14",154,6899,154
"291",-97.8636539447616,38.0585018332418,NA,"04",42,6000,42
"292",-97.8710825001216,38.0742082496971,NA,"13",138,7004,138
"293",-97.8627590278042,38.0700763053218,NA,"17",177,4252,177
"294",-97.2789888889282,38.0607638886957,NA,"08",90,3501,90
"295",-97.2763861111223,38.0648861109273,NA,"17",180,7003,180
"296",-101.800360666802,39.763798110866,NA,"14",145,5200,145
"297",-98.7938268611316,39.7666388335416,NA,"17",180,3601,180
"298",-84.6950986113359,39.0463633610964,NA,"09",90,12000,90
"299",-84.668617555961,39.0647424165075,NA,"18C",180,11000,180
"300",-84.6466672219935,39.0558550001007,NA,"18L",180,10000,180
"301",-84.683737861381,39.0708822499928,NA,"18R",180,8000,180
"302",-84.2898148332796,38.3675760275537,NA,"11",106,2757,106
"303",-84.3948250001129,38.6991249998274,NA,"03",25,3994,25
"304",-88.9246507503621,36.5256923888432,NA,"09",91,4000,91
"305",-85.9623612496638,37.0294528053165,NA,"08",71,5301,71
"306",-84.6151088059878,38.027690389093,NA,"04",42,7003,42
"307",-84.6182665836375,38.0393209996764,NA,"09",83,4000,83
"308",-85.7313417496935,38.1872991113677,NA,"17L",165,8579,165
"309",-85.7487793887464,38.1869878332185,NA,"17R",165,11095,165
"310",-85.6694499169974,38.2254252224982,NA,"06",60,4047,60
"311",-85.6684712222582,38.2313675552739,NA,"15",143,3238,143
"312",-87.1730186946414,37.736035388613,NA,"06",52,5000,52
"313",-87.167766139174,37.7489155835799,NA,"18",178,8000,178
"314",-88.7814804718563,37.0534788336878,NA,"04",44,6500,44
"315",-88.7781084442147,37.0664448058986,NA,"14",139,5499,139
"316",-82.5792831389367,37.5603168886577,NA,"09",87,5350,87
"317",-84.6224061111965,37.0477595835704,NA,"05",43,5800,43
"318",-92.5592268054337,31.3378769443622,NA,"14",144,9352,144
"319",-92.5443193612101,31.3367304719896,NA,"18",189,7001,9
"320",-92.3059988891082,31.3944438889817,NA,"09",91,5999,91
"321",-92.3002683328915,31.4018430556868,NA,"14",145,5601,145
"322",-91.157418722339,30.5245428608786,NA,"04L",43,7500,43
"323",-91.1498774445806,30.5286340276694,NA,"04R",43,3799,43
"324",-91.1609000003905,30.5407346107356,NA,"13",133,7004,133
"325",-91.9925185834463,30.2016096663185,NA,"04L",39,4099,39
"326",-91.9937368337189,30.1958949442558,NA,"04R",39,8001,39
"327",-91.9981371386117,30.2076518334087,NA,"11",110,5401,110
"328",-93.2297446946919,30.1284996114356,NA,"05",52,5200,52
"329",-93.2279205280653,30.1287209725332,NA,"15",155,6500,155
"330",-93.1505016390766,30.2238581391786,NA,"15",154,10701,154
"331",-92.0456523335008,32.5038514442511,NA,"04",45,7505,45
"332",-92.0416197782241,32.5164932497874,NA,"14",140,4999,140
"333",-92.0398896948521,32.5169697218832,NA,"18",180,5001,180
"334",-91.8866269447405,30.0484948335926,NA,"16",168,8002,168
"335",-90.2514150002478,29.9845015275381,NA,"01",15,7001,15
"336",-90.2817289163101,29.9966265552062,NA,"10",105,10104,105
"337",-90.0306179446303,30.0370489446521,NA,"09",89,3113,89
"338",-90.0276715001428,30.0501849441539,NA,"18L",179,3697,179
"339",-90.0299192781214,30.0528139446761,NA,"18R",179,6880,179
"340",-93.8329203885575,32.4450521114333,NA,"06",61,6202,61
"341",-93.8348828059064,32.4538414722384,NA,"14",143,7976,143
"342",-89.8208653610206,30.3532196666424,NA,"18",180,5001,180
"343",-91.0278106115115,32.3584798890345,NA,"18",179,5002,179
"344",-71.2968681391019,42.4634357778882,7,"05",37,5106,37
"345",-71.3003429726396,42.4718237222668,8,"11",97,7001,97
"346",-71.0143388329052,42.3579883336256,9,"04L",20,7861,20
"347",-71.0117953052805,42.3510589998463,9,"04R",20,10005,20
"348",-71.0128938334819,42.3557541667184,9,"09",77,7000,77
"349",-71.0232754718793,42.3565980000447,8,"14",125,5000,125
"350",-71.0091272495979,42.3735791944164,9,"15L",135,2557,135
"351",-71.0178909440151,42.3742708334339,9,"15R",135,10083,135
"352",-70.2827764998432,41.6645966112018,NA,"06",50,5425,50
"353",-70.2918978054903,41.6747720553404,NA,"15",140,5252,140
"354",-70.0725269996594,41.2469406387399,NA,"06",45,6303,45
"355",-70.0621906947428,41.2527688335581,NA,"12",107,2696,107
"356",-70.0608206390687,41.2580081666131,NA,"15",135,4000,135
"357",-71.1785066670353,42.1921109724753,NA,"10",89,3995,89
"358",-70.6193340274874,41.386655027641,NA,"06",41,5504,41
"359",-70.6202450557295,41.3980923609804,NA,"15",131,3327,131
"360",-72.718819916567,42.1453001941637,NA,"02",10,9000,10
"361",-72.721766638634,42.1641069723302,NA,"15",140,5000,140
"362",-71.8907960274605,42.2673296109012,8,"11",94,7001,94
"363",-71.878650750022,42.2728454168706,3,"15",138,5000,138
"364",-76.6713677225671,39.1668781389661,6,"04",33,6000,33
"365",-76.6896183333588,39.1747471667388,1,"10",94,10502,94
"366",-76.663540249644,39.1873734165036,1,"15L",144,5000,144
"367",-76.6819839164751,39.1853660830169,7,"15R",144,9501,144
"368",-76.0719616947053,38.7973973053386,NA,"04",30,5175,30
"369",-77.7287741108032,39.7041919165168,NA,"02",15,3165,15
"370",-77.7383757222765,39.70696213878,6,"09",80,7000,80
"371",-75.5169135000028,38.3339341946968,NA,"05",37,5000,37
"372",-75.5166840002107,38.3460221387891,4,"14",127,6400,127
"373",-69.7981102503344,44.31725872212,NA,"08",62,2703,62
"374",-69.8036770832007,44.3276565000953,NA,"17",153,5001,153
"375",-68.8439311668418,44.8183713610411,NA,"15",134,11440,134
"376",-68.3673015557835,44.4438585553718,NA,"04",25,5200,25
"377",-70.3260708615552,43.6458619998171,NA,"11",95,7200,95
"378",-70.3073193609408,43.6544732222153,NA,"18",163,6100,163
"379",-69.10074722211,44.0559972219854,NA,"03",13,4000,13
"380",-69.1083730555912,44.0615219442052,NA,"13",111,5007,111
"381",-83.5613681666434,45.064941083645,NA,"01",360,9001,180
"382",-83.5666986392836,45.0760382219309,NA,"07",60,5031,60
"383",-85.2659785834516,42.2957313890547,NA,"05L",43,10004,43
"384",-85.2501964163982,42.2994258890587,NA,"05R",43,4100,43
"385",-85.2545929169257,42.3141685557483,NA,"13",126,4835,126
"386",-83.3512188052576,42.2078354723124,NA,"03L",29,8501,29
"387",-83.3518020274726,42.1956145279193,NA,"03R",29,10001,29
"388",-83.3840002218271,42.2021729169291,NA,"04L",29,10000,29
"389",-83.3712683058805,42.2023243612538,NA,"04R",29,12003,29
"390",-83.363168138573,42.21696702749,NA,"09L",89,8708,89
"391",-83.3617291946931,42.1990153331064,NA,"09R",89,8500,89
"392",-83.5416826391191,42.232184722451,NA,"05L",47,5996,47
"393",-83.5398498612421,42.2306255002753,NA,"05R",47,7543,47
"394",-83.5433278056456,42.2439496111396,NA,"09",89,7292,89
"395",-83.5392736386998,42.2431844996929,NA,"14",136,6312,136
"396",-87.1119355559067,45.7208221113588,NA,"09",91,6498,91
"397",-87.0864347502547,45.7321283332454,NA,"18",181,5015,1
"398",-83.7434573053517,42.9727313889978,NA,"18",179,7848,179
"399",-85.5401914718009,42.8888306385927,NA,"08L",81,5000,81
"400",-85.5421895001643,42.8766337221711,NA,"08R",81,10000,81
"401",-85.5192566392447,42.889530555597,NA,"17",171,8501,171
"402",-88.4987772500239,47.1642789721686,NA,"07",67,5196,67
"403",-88.4988740003766,47.175314083195,NA,"13",131,6500,131
"404",-88.1151393884448,45.8105160002765,NA,"01",8,6501,8
"405",-88.121989138606,45.8201512776688,NA,"13",132,3809,132
"406",-90.1443087503446,46.5275125836006,NA,"09",90,6501,90
"407",-85.5580683888243,42.2348796664655,NA,"05",45,3439,45
"408",-85.5581351390398,42.2339329164724,NA,"09",90,2800,90
"409",-85.5517323887674,42.2413711945188,NA,"17",171,6502,171
"410",-84.6010456388924,42.7731673331896,NA,"06",53,5002,53
"411",-84.5849755555022,42.7819201112652,NA,"10L",91,3601,91
"412",-84.6010545277221,42.7782054444266,NA,"10R",91,8506,91
"413",-87.3991659723607,46.3368824719824,NA,"01",9,12366,9
"414",-86.2508849167334,43.161631250037,NA,"06",56,6501,56
"415",-84.8027698611286,45.5673914445616,NA,"05",45,5395,45
"416",-84.8068978884554,45.5757716390373,NA,"14",135,6512,135
"417",-83.4344008332566,42.6661270278839,NA,"09L",88,5675,88
"418",-83.434314611159,42.6646145277666,NA,"09R",88,6520,88
"419",-84.0892446946552,43.526820944517,NA,"05",46,8002,46
"420",-84.0895414441262,43.5372358891278,NA,"14",136,6399,136
"421",-85.5904173887554,44.741163249768,NA,"10",94,6901,94
"422",-85.5876881667851,44.750280722164,NA,"18",180,5379,180
"423",-94.9435028330064,47.5072478888374,NA,"07",74,5700,74
"424",-94.9468021393308,47.5184455834955,NA,"13",134,7002,134
"425",-94.1463226944016,46.3946298053858,NA,"05",54,6514,54
"426",-92.188269778001,46.8357406114144,NA,"03",32,5718,32
"427",-92.220289999928,46.8424550280188,7,"09",92,10162,92
"428",-92.8465805551863,47.3863222222342,NA,"04",49,3075,49
"429",-92.8477611112513,47.3916638887517,NA,"13",132,6758,132
"430",-93.4067036114065,48.5625897220259,NA,"04",42,2999,42
"431",-93.4126549995711,48.5728458334839,NA,"13",136,7400,136
"432",-93.2383173614657,44.8722663330931,NA,"04",45,11006,45
"433",-93.2209906113498,44.8929526113919,NA,"12L",121,8200,121
"434",-93.2341313056665,44.8877900277571,NA,"12R",121,10000,121
"435",-93.2422536389035,44.8877536108494,NA,"17",170,8000,170
"436",-92.5069269722373,43.8949284443994,NA,"02",26,7300,26
"437",-92.5121273885873,43.9201508330707,NA,"13",132,9033,132
"438",-95.7000662497076,48.8519330836273,NA,"06",69,2505,69
"439",-94.0649848331207,45.54333674985,NA,"05",59,3000,59
"440",-94.0693366945652,45.5539383333083,NA,"13",136,7000,136
"441",-96.1928452222765,48.0616756669421,NA,"03",39,4997,39
"442",-96.1933681944855,48.0709524723593,NA,"13",135,6504,135
"443",-96.7156412500456,48.1937353333858,NA,"12",130,3199,130
"444",-93.207511388715,36.5401169443158,NA,"14",145,7140,145
"445",-94.3438777500642,38.6156840831871,NA,"17",177,4000,177
"446",-93.6793055554484,39.0783055552674,NA,"16",166,4400,166
"447",-94.5072938056926,37.1578091389322,NA,"13",138,6502,138
"448",-94.5953473058492,39.1146885554916,NA,"01",13,6827,13
"449",-94.5985131665398,39.1162949722578,NA,"03",38,5050,38
"450",-89.8657373611026,37.8594843056012,NA,"02",17,7003,17
"451",-90.3812315274078,38.7466780553203,NA,"06",63,7602,63
"452",-90.4098747225687,38.7599525835549,NA,"11",122,9001,122
"453",-90.3662937219242,38.7517795002432,NA,"12L",122,9003,122
"454",-90.3791574162315,38.7539023891477,NA,"12R",122,11019,122
"455",-90.6682846945781,38.664139250109,NA,"08L",78,5000,78
"456",-90.6597471115078,38.6576958333143,NA,"08R",78,7485,78
"457",-93.3892291665798,37.2356509445666,NA,"02",22,7003,22
"458",-93.4005103051392,37.2552388891054,NA,"14",142,8000,142
"459",-177.392583333603,28.1975749997338,NA,"06",69,7800,69
"460",-89.337068889116,31.4760843610159,NA,"18",180,6502,180
"461",-88.7564016947247,32.3177179998399,NA,"01",9,10003,9
"462",-88.7528546941304,32.3309908330316,NA,"04",44,4599,44
"463",-108.558405388701,45.8076792497836,NA,"07",84,5503,84
"464",-108.554820333675,45.8127305555501,NA,"10L",111,10521,111
"465",-108.562826528221,45.8091945834791,NA,"10R",111,3800,111
"466",-111.152552528094,45.7688494720173,NA,"03",46,2650,46
"467",-111.152950000268,45.7811083336368,NA,"11",135,3197,135
"468",-111.166481722244,45.7880853890687,NA,"12",136,8994,136
"469",-112.505739472505,45.9589914166108,NA,"12",129,5100,129
"470",-112.501203527395,45.9669284722846,NA,"15",167,9001,167
"471",-106.624716055719,48.2128177219364,NA,"08",90,5000,90
"472",-106.622518444157,48.2168312222601,NA,"12",134,5001,134
"473",-104.813744360974,47.1372771666188,NA,"02",36,3002,36
"474",-104.813538388958,47.1433946944625,NA,"12",136,5704,136
"475",-111.38382838928,47.4693426386616,NA,"03",45,10502,45
"476",-111.380725833766,47.4837728330544,NA,"07",90,4294,90
"477",-111.372829222007,47.4954132222843,NA,"16",180,5722,180
"478",-109.768176527972,48.5379141668319,NA,"03",45,3699,45
"479",-109.772772027793,48.5440453610274,NA,"08",90,5205,90
"480",-109.480939083099,47.0403754444575,NA,"03",38,5600,38
"481",-109.469556472642,47.0530025001431,NA,"08",90,6100,90
"482",-105.89663499981,46.4217187779383,NA,"04",52,5680,52
"483",-105.892595499658,46.4348725003049,NA,"12",135,5628,135
"484",-114.09661361088,46.9160121946393,NA,"07",89,4612,89
"485",-114.106559388498,46.9248444167261,NA,"11",130,9501,130
"486",-104.201102166746,47.6976342775513,NA,"01",24,5705,24
"487",-104.194324944764,47.7122920277954,NA,"11",117,4023,117
"488",-111.12479722237,44.6780585279833,NA,"01",26,8400,26
"489",-80.9499458889414,35.2089526113206,NA,"05",48,7502,48
"490",-80.9531696110177,35.2273971114228,NA,"18C",176,10000,176
"491",-80.9361574167784,35.2247340554354,NA,"18L",176,8676,176
"492",-80.9674184724587,35.2252830275077,NA,"18R",176,9000,176
"493",-76.8827069447675,34.9021024998551,6,"05L",45,8491,45
"494",-76.8824844446481,34.9030397222916,5,"14R",136,8398,136
"495",-80.711388611049,35.3777758333781,3,"02",10,7400,10
"496",-78.8870088609014,34.9843454169068,NA,"04",31,7709,31
"497",-77.9794555557249,35.3346916668276,5,"08",73,11760,73
"498",-79.9590499998751,36.0992555555629,NA,"05L",46,9000,46
"499",-79.9446583611011,36.0910578886798,NA,"05R",46,10001,46
"500",-79.952445832943,36.0994800833396,NA,"14",135,6380,135
"501",-77.3858002225117,35.6258678056047,NA,"02",8,6505,8
"502",-77.3916202778801,35.6330670556112,NA,"08",67,4997,67
"503",-78.079320888568,33.9251128890646,NA,"05",41,5505,41
"504",-79.3968939726237,35.2312438334102,NA,"05",46,5902,46
"505",-78.8019637782071,35.8744493612197,NA,"05L",45,10000,45
"506",-78.797338360894,35.8646300281208,NA,"05R",45,7500,45
"507",-77.8985091389223,35.8480988890527,NA,"04",33,7100,33
"508",-80.9656181390349,35.7661398334914,NA,"10",97,7006,97
"509",-77.9103089997611,34.2618870000395,1,"06",48,8016,48
"510",-77.9100256387811,34.2831271663161,2,"17",159,7754,159
"511",-80.2291410556799,36.1330565003011,NA,"04",31,3938,31
"512",-80.2262903329741,36.1388050001192,NA,"15",145,6655,145
"513",-100.748414917091,46.7626166944367,NA,"03",39,6600,39
"514",-100.7617864443,46.7839526387564,NA,"13",138,8794,138
"515",-98.9147303615347,48.11090199998,NA,"03",45,5039,45
"516",-98.9197601393033,48.1241352222474,NA,"13",138,5506,138
"517",-102.811666055443,46.796247388969,NA,"07",80,4699,80
"518",-102.807767583604,46.8049258613592,NA,"14",150,6399,150
"519",-96.8273251664146,46.9271376391085,NA,"09",90,6300,90
"520",-96.8214887778777,46.9141242780822,NA,"13",137,3800,137
"521",-96.8161071111478,46.932867583082,NA,"18",180,9000,180
"522",-97.1849215551183,47.9523926390129,NA,"09L",90,4206,90
"523",-97.1695917778453,47.937992861338,NA,"09R",90,3300,90
"524",-97.1662119447422,47.9513490558241,NA,"17L",180,3901,180
"525",-97.1812249724527,47.9592453056125,NA,"17R",180,7351,180
"526",-98.6866555830833,46.9244960555719,NA,"04",45,5750,45
"527",-98.6871038055791,46.9356550835761,NA,"13",135,6502,135
"528",-103.644076944495,48.1718558334473,NA,"02",30,3453,30
"529",-103.65458138888,48.1841002780444,NA,"11",124,6650,124
"530",-103.100329472523,42.8329846945671,NA,"02",35,6002,35
"531",-97.3498919441232,41.4574034721232,NA,"14",150,6800,150
"532",-97.1251489999926,41.233939388723,NA,"14",146,3675,146
"533",-96.5161088614071,41.4444340278422,NA,"01",11,1974,11
"534",-96.5306598334647,41.457590777519,NA,"14",141,5500,141
"535",-98.3117194447433,40.9783666667467,NA,"13",135,6608,135
"536",-98.3147713891744,40.9771741666669,NA,"17",180,7002,180
"537",-98.4336525554975,40.6143781110305,NA,"14",150,5500,150
"538",-96.7696746107548,40.8673052777793,NA,"14",145,8649,145
"539",-96.7507539726438,40.8613423885813,NA,"17",180,5800,180
"540",-96.7616753889325,40.8629913889097,NA,"18",180,12901,180
"541",-100.599649138681,40.2027933055028,NA,"04",46,4000,46
"542",-100.599270277804,40.2124940278794,NA,"12",131,6448,131
"543",-97.442841028118,41.992069861027,NA,"14",142,5443,142
"544",-100.692862194419,41.1330296111734,NA,"17",181,4436,1
"545",-95.9004173610994,41.313530499791,NA,"14L",144,8500,144
"546",-95.9060853613346,41.3138416942287,NA,"14R",144,9502,144
"547",-95.8945096391424,41.3133513885559,NA,"18",180,8153,180
"548",-96.1176477780522,41.1992522225047,NA,"12",129,3801,129
"549",-100.555420055662,42.8528141669269,NA,"03",36,3700,36
"550",-97.6237784996826,40.9048155277703,NA,"17",175,5900,175
"551",-71.4281111109831,43.5699555557538,3,"08",68,5890,68
"552",-71.4490607495718,42.9282915275791,NA,"06",42,7650,42
"553",-71.4395691664494,42.9417657220551,NA,"17",157,9250,157
"554",-71.5234996393021,42.7868606109978,NA,"14",123,6000,123
"555",-70.8341665831305,43.0912778609912,NA,"16",149,11321,149
"556",-74.5851620837785,39.4497368613595,6,"04",28,6144,28
"557",-74.5910122219291,39.4642598052237,7,"13",118,10000,118
"558",-74.1794502504045,40.675381000225,9,"04L",26,11000,26
"559",-74.1742454170382,40.6775828891609,9,"04R",26,10000,26
"560",-74.1807074165935,40.7028043058621,9,"11",95,6726,95
"561",-74.0603704441142,40.8386821114363,3,"01",3,7000,3
"562",-74.0702938608683,40.8467284719545,3,"06",48,6013,48
"563",-74.9056324447708,39.002964277553,NA,"01",360,4998,180
"564",-74.9202676940734,39.0071476665171,NA,"10",90,4998,90
"565",-105.9987326111,32.8332024442289,NA,"03",46,7005,46
"566",-106.630601528203,35.0222481665003,NA,"03",45,10000,45
"567",-106.62158850009,35.0443526666735,NA,"08",90,13793,90
"568",-106.620751500214,35.0435334442972,NA,"12",129,6000,129
"569",-104.27426227772,32.3226494167175,NA,"03",44,7854,44
"570",-104.27072541641,32.3422955557272,NA,"08",90,5334,90
"571",-104.260081833767,32.3518532780358,NA,"14L",156,4615,156
"572",-104.270859916666,32.3428913054666,NA,"14R",154,5837,154
"573",-108.241451110986,36.7373133332026,NA,"05",65,6500,65
"574",-108.239928611208,36.7410927778348,NA,"07",88,6704,88
"575",-103.225871889223,32.6786898329698,NA,"03",45,7398,45
"576",-103.221304583027,32.6939125278416,NA,"12",135,6001,135
"577",-103.220827916276,32.696150555202,NA,"17",180,4998,180
"578",-106.932102916332,32.2845756385251,NA,"04",55,7499,55
"579",-106.932236361067,32.2849513057806,NA,"08",90,6069,90
"580",-106.929938777794,32.2991872219108,NA,"12",135,7499,135
"581",-104.536902861068,33.2860932496912,NA,"03",45,13001,45
"582",-104.53920363875,33.3151344718564,NA,"17",180,9999,180
"583",-105.547362777821,33.4592905277919,NA,"06",71,8120,71
"584",-105.531868777735,33.4643400558979,NA,"12",132,6309,132
"585",-115.805622583561,40.8190794721604,NA,"05",69,7214,69
"586",-115.170365444887,36.0753248332368,NA,"01L",25,8985,25
"587",-115.167487750264,36.0742402497208,NA,"01R",25,9775,25
"588",-115.170187638647,36.0763671109678,NA,"07L",90,14510,90
"589",-119.778838555428,39.4962850554621,7,"07",90,6102,90
"590",-73.8042554996707,42.7371645000694,7,"01",358,8500,178
"591",-73.8120912218231,42.7491504169314,6,"10",88,7200,88
"592",-75.9888787778315,42.2050494998494,NA,"10",86,5001,86
"593",-75.986646388892,42.2190125555825,NA,"16",148,7304,148
"594",-78.741685111352,42.9311996666752,NA,"05",44,8827,44
"595",-78.7416951392456,42.9469158889283,4,"14",127,7161,127
"596",-74.3806675003253,41.724474166359,NA,"04",33,3838,33
"597",-76.8903593890424,42.1603593333116,NA,"05",50,2017,50
"598",-76.9033493056302,42.153614861371,NA,"06",50,8001,50
"599",-76.9029461390357,42.1577968330156,NA,"10",89,5404,89
"600",-73.414259611344,40.7217458333356,NA,"01",359,5516,179
"601",-73.4217366945939,40.7346324998254,NA,"14",132,6833,132
"602",-75.5647859997962,42.8502346947081,NA,"17",159,5314,159
"603",-76.4684973892672,42.4978317503096,5,"14",133,6977,133
"604",-79.268115111008,42.1481542499899,2,"07",59,5299,59
"605",-79.2632559170236,42.1581365553801,1,"13",119,4500,119
"606",-73.9679754167321,41.9885128334939,NA,"15",140,3100,140
"607",-74.8493963889338,44.9300284168797,1,"05",31,5600,31
"608",-74.8544776392698,44.9344387223969,NA,"09",76,4000,76
"609",-74.8019668888312,41.7085423890197,2,"15",143,6298,143
"610",-74.130550416591,41.5008381110302,6,"09",78,11817,78
"611",-74.1013971948427,41.5111808609012,6,"16",149,6004,149
"612",-73.1124488613973,40.7886361663956,NA,"06",45,7006,45
"613",-73.1080009718456,40.7925276112282,NA,"10",90,5034,90
"614",-73.0983831107471,40.7990342780883,NA,"15L",135,3175,135
"615",-73.1073300003969,40.8022270277279,NA,"15R",135,5186,135
"616",-73.7855852777249,40.6220177776878,9,"04L",31,11351,31
"617",-73.7703472220357,40.6254255552556,9,"04R",31,8400,31
"618",-73.7902395273654,40.6577648054625,9,"13L",121,10000,121
"619",-73.8167147221313,40.6483616668208,9,"13R",121,14511,121
"620",-73.884119555252,40.7691646387617,6,"04",32,7001,32
"621",-73.8785215274892,40.7822971665912,6,"13",122,7003,122
"622",-78.9456375552431,43.101766360913,2,"06",50,5188,50
"623",-78.9688362779609,43.1095401942377,3,"10L",90,9829,90
"624",-78.9519462779564,43.1043339720197,1,"10R",90,3973,90
"625",-75.5245077226675,42.5600804442148,1,"01",3,4727,3
"626",-75.4751961945525,44.680125444419,4,"09",76,5200,76
"627",-78.3763104441652,42.2347189999601,NA,"04",32,4800,32
"628",-73.4767809169159,44.665832944327,5,"17",157,11758,157
"629",-73.8920022224628,41.6219186669832,4,"06",51,5001,51
"630",-73.8881769444548,41.6249774442453,NA,"07",51,1358,51
"631",-73.885154000336,41.6302227775263,2,"15",139,2743,139
"632",-77.6877106944381,43.1068784442329,8,"04",31,8001,31
"633",-77.6725888888315,43.1161694443082,9,"07",63,4000,63
"634",-77.6776245559551,43.1227789998347,9,"10",88,6401,88
"635",-75.4229648614897,43.2450754445652,7,"15",134,11820,134
"636",-74.2132751113805,44.3802083332616,6,"05",35,6573,35
"637",-74.2138473606744,44.3805029724715,6,"09",79,3998,79
"638",-76.7814736106973,42.8768559164226,NA,"01",355,4592,175
"639",-76.126152750171,43.1081998891242,1,"10",87,9003,87
"640",-76.1128337223041,43.1212273891012,1,"15",134,7500,134
"641",-76.0299429999855,43.9878411387414,NA,"07",53,4999,53
"642",-76.0306513054174,43.9922653058536,NA,"10",93,6000,93
"643",-77.9997451391923,42.1094333335195,NA,"10",89,5300,89
"644",-73.715760805437,41.0670520001453,NA,"11",102,4451,102
"645",-73.7133060556169,41.075553583459,NA,"16",150,6548,150
"646",-81.4413534448885,40.9071672220763,NA,"01",2,7601,2
"647",-81.8734866944856,41.3998705274559,NA,"06L",50,9000,50
"648",-81.8698282776433,41.397737305275,NA,"06R",50,9956,50
"649",-81.8542456668387,41.4170152775238,NA,"10",93,6017,93
"650",-81.4934409998951,41.5605756111733,NA,"06",49,5102,49
"651",-81.6920560002193,41.5141328890275,NA,"06L",58,6603,58
"652",-82.9440406662183,39.8033542778957,NA,"05L",45,11902,45
"653",-82.9419776941515,39.8010655835056,NA,"05R",45,12102,45
"654",-83.0784615002822,40.0762779999623,NA,"05",49,3562,49
"655",-83.0789035279959,40.0826944444287,NA,"09L",87,2994,87
"656",-83.0816027219812,40.0771468614168,NA,"09R",87,5004,87
"657",-82.907637472392,40.0032027780724,NA,"10L",94,8000,94
"658",-82.9091784720747,39.9936512779376,7,"10R",94,10113,94
"659",-84.2460178336234,39.8951079999027,NA,"06L",55,10900,55
"660",-84.2232356390416,39.8905514999822,NA,"06R",55,7285,55
"661",-84.2120511106977,39.9173215275035,NA,"18",179,8502,179
"662",-83.6811833329269,41.0114103332194,NA,"07",69,5251,69
"663",-82.5248167498364,40.8115384997577,NA,"05",47,6795,47
"664",-82.5283273057796,40.8330899446452,NA,"14",137,9001,137
"665",-83.8513919169312,39.8350673613576,6,"06",54,9009,54
"666",-83.8487961109502,39.8431110276159,NA,"15",144,5499,144
"667",-83.8307009167875,41.5813866108605,NA,"07",67,10599,67
"668",-83.8022903053352,41.5934913886317,NA,"16",157,5599,157
"669",-83.4901041665705,41.571061944698,NA,"14",134,5829,134
"670",-83.8092751944544,39.4193566941468,NA,"04L",37,10701,37
"671",-83.7950240000886,39.4143852220416,NA,"04R",37,9000,37
"672",-80.6824863884726,41.2497223886328,NA,"05",45,5002,45
"673",-80.6923476948097,41.2728806386255,1,"14",135,9003,135
"674",-80.6900116941853,41.2684104169826,NA,"143",135,3500,135
"675",-96.7692814163583,35.9572502498554,4,"18",180,5201,180
"676",-98.4171524997848,34.5785522221136,NA,"17",177,8599,177
"677",-97.6159058334159,35.4046086112665,NA,"13",135,7800,135
"678",-97.5889436107304,35.4051588890963,NA,"17L",180,9802,180
"679",-97.6057227774935,35.4059497223385,NA,"17R",180,9800,180
"680",-97.6077273887113,35.3935433054268,NA,"18",180,3079,180
"681",-97.6521944722806,35.535098888794,NA,"13",135,4214,135
"682",-97.6455022776371,35.5443352224059,NA,"17L",180,7199,180
"683",-97.6491941387575,35.5432946109647,NA,"17R",180,5002,180
"684",-95.0938453056564,35.2940651392263,NA,"17",180,4296,180
"685",-97.0905675832742,36.1553676666002,NA,"04",45,5002,45
"686",-97.0868580001899,36.1723122775809,NA,"17",179,7401,179
"687",-95.9878724997335,36.0330107497838,NA,"01L",13,5102,13
"688",-95.9851446944064,36.0340191112631,NA,"01R",13,4208,13
"689",-95.987113194248,36.0414943329767,NA,"13",133,2641,133
"690",-95.8990304440474,36.1954317502167,NA,"08",89,7376,89
"691",-95.8813114445628,36.213934833579,NA,"18L",183,9999,3
"692",-95.8990916390812,36.2072209168444,NA,"18R",183,6101,3
"693",-123.889744999924,46.1598330554797,NA,"08",95,5796,95
"694",-123.883457777488,46.1628513886453,NA,"13",154,4467,154
"695",-123.202729805594,44.1329736112972,NA,"16L",179,6000,179
"696",-123.21914880542,44.1354475000434,NA,"16R",179,8009,179
"697",-121.742595444201,42.1563184998116,NA,"07",90,5258,90
"698",-121.740404555631,42.169204138827,NA,"14",158,10301,158
"699",-122.879185416886,42.3862165554235,NA,"14",158,8800,158
"700",-124.05964555521,44.5787368332465,NA,"02",37,3001,37
"701",-124.059370833328,44.5868439997717,NA,"16",177,5398,177
"702",-124.260597889259,43.4147291108396,NA,"04",61,5321,61
"703",-124.246238861126,43.4198415558651,NA,"13",150,4470,150
"704",-118.853818277612,45.6988166390233,NA,"11",128,5581,128
"705",-118.837155694206,45.7018466668368,NA,"16",179,4341,179
"706",-122.616810777981,45.5824249997696,3,"03",45,6000,45
"707",-122.600016138635,45.596514999766,6,"10L",119,9825,119
"708",-122.621472833083,45.5951485278218,6,"10R",119,11000,119
"709",-121.161786833425,44.2495086386647,NA,"04",60,7038,60
"710",-121.161177055213,44.2589307499071,NA,"10",122,7006,122
"711",-75.4506335273994,40.6469824997923,NA,"06",51,7599,51
"712",-75.4497556667543,40.6551944165228,NA,"13",123,5797,123
"713",-78.3231282776119,40.2887205831877,NA,"03",16,5465,16
"714",-78.325639667109,40.2985981669395,NA,"12",108,3668,108
"715",-78.6449816390015,41.7979999447697,NA,"05",44,4499,44
"716",-78.6488025278411,41.8093115000558,NA,"14",134,6306,134
"717",-78.9075551388595,41.1747692777089,1,"07",62,5503,62
"718",-80.1802386670576,42.0776368890392,NA,"02",10,3507,10
"719",-80.1843991666853,42.0766499997401,NA,"06",54,8420,54
"720",-79.8636538331812,41.3692847779143,1,"03",17,5200,17
"721",-79.8666293336766,41.3806310555901,2,"12",106,3593,106
"722",-76.7786003052436,40.1993761943917,9,"13",117,10002,117
"723",-78.8393435000361,40.3103965002234,3,"05",39,4386,39
"724",-78.842205694228,40.3236588890127,6,"15",144,7003,144
"725",-76.3040411393371,40.1199460278233,NA,"08",68,6934,68
"726",-76.3037854168234,40.1231742496969,NA,"13",119,4102,119
"727",-79.4007902498785,40.2733855829981,1,"03",20,3609,20
"728",-79.4208826944636,40.2652298336756,3,"05",46,8223,46
"729",-75.2300120277412,39.8783379168808,2,"08",75,5000,75
"730",-75.2556640836359,39.868682166408,6,"09L",75,9500,75
"731",-75.2751943059223,39.8608104445331,6,"09R",75,10506,75
"732",-75.2360914168507,39.8876595277509,2,"17",159,6501,159
"733",-80.2479298615313,40.4899163613789,6,"10C",92,10774,92
"734",-80.2711857503389,40.5023336664678,6,"10L",92,10502,92
"735",-80.2519046668134,40.4867291385666,8,"10R",92,11500,92
"736",-80.2248663056194,40.4960151108447,7,"14",136,8101,136
"737",-75.3876491115524,40.435825416445,NA,"11",99,3210,99
"738",-75.9781018609462,40.3835723887664,NA,"13",121,6350,121
"739",-75.9626680282206,40.3848228612446,NA,"18",172,5151,172
"740",-77.8572250558992,40.844446055303,4,"06",53,6701,53
"741",-75.7315300835836,41.3286981113777,4,"04",32,7501,32
"742",-75.7299055558507,41.3406009164279,NA,"10",91,4300,91
"743",-76.9356472219643,41.2384388887869,NA,"09",77,6824,77
"744",-76.9264904723894,41.2450304167364,NA,"12",106,4273,106
"745",-80.1631026948536,40.808520138731,NA,"17",165,4241,165
"746",-67.1455401110373,18.4899828055114,NA,"08",72,11702,72
"747",-65.4996444444802,18.1334499997097,NA,"09",76,4301,76
"748",-66.5724563056283,18.0112356670099,4,"12",108,6900,108
"749",-66.1063893893113,18.4558358613048,NA,"09",83,5542,83
"750",-66.0159217225242,18.4383241109374,NA,"08",67,10400,67
"751",-66.0137284165877,18.4335581386807,NA,"10",90,8016,90
"752",-71.4216697780692,41.6077261947634,NA,"16",145,7100,145
"753",-81.1239665556005,33.9285248887069,8,"05",45,8001,45
"754",-81.137753638968,33.9441476663016,9,"11",105,8601,105
"755",-81.0019925831789,33.9744562776613,1,"13",125,4999,125
"756",-82.3588166112415,34.848087444776,1,"10",91,3998,91
"757",-80.7005306948711,32.2190553334145,NA,"03",26,4300,26
"758",-98.4280373330819,45.4552356112975,NA,"13",135,6901,135
"759",-98.4273527782079,45.4555527777154,NA,"17",180,5500,180
"760",-96.8217181393293,44.3097295001633,NA,"12",129,5231,129
"761",-96.8216771393215,44.3091816110021,NA,"17",177,3599,177
"762",-98.2414233614228,44.3924113052447,NA,"12",128,7201,128
"763",-98.2256602224838,44.390445583338,NA,"17",180,5000,180
"764",-100.29933213883,44.3857258330252,NA,"07",77,6881,77
"765",-100.293816166779,44.3848854722734,NA,"13",141,6900,141
"766",-103.063821222521,44.0478673333127,NA,"05",62,3601,62
"767",-103.065007138833,44.053828583182,NA,"14",152,8701,152
"768",-96.7537021113539,43.572619222295,NA,"03",35,8999,35
"769",-96.74606438867,43.5931273612292,NA,"15",155,8000,155
"770",-97.1693043888196,44.9222040830261,NA,"12",125,6899,125
"771",-97.1510580558053,44.920560055378,NA,"17",180,6894,180
"772",-82.4191151946447,36.4653416663999,NA,"05",43,8000,43
"773",-85.2075038890956,35.022652472108,NA,"02",17,7400,17
"774",-85.2083045000162,35.0452277500367,NA,"15",145,5575,145
"775",-84.0054659167113,35.8043300836167,NA,"05L",45,9005,45
"776",-84.004003499853,35.8000703608416,NA,"05R",45,9000,45
"777",-86.3174141385905,36.1836514999267,NA,"01",7,5000,7
"778",-87.8768388885866,35.5997805554099,NA,"18",178,3600,178
"779",-89.985730583357,35.0586233609599,9,"09",92,8946,92
"780",-89.9761706941371,35.0545942500765,8,"18C",179,11120,179
"781",-89.9729514169247,35.0488162781416,8,"18L",179,9000,179
"782",-89.9874426941351,35.0494889720882,8,"18R",179,9320,179
"783",-86.6879610554516,36.1033309167892,NA,"02C",18,8000,18
"784",-86.6864746113543,36.1176781663793,NA,"02L",18,7702,18
"785",-86.6676431948157,36.1127131107493,NA,"02R",18,8000,18
"786",-86.6953549717742,36.1412771669185,NA,"13",133,10288,133
"787",-86.8890855273698,36.1750534168423,NA,"02",15,5500,15
"788",-99.6948086109157,32.419600861331,NA,"04",52,3678,52
"789",-99.6747815277507,32.4085309720446,NA,"17L",180,7198,180
"790",-99.6849195277717,32.4280844718535,NA,"17R",180,7202,180
"791",-101.732699944081,35.2051180558718,NA,"04",46,13502,46
"792",-101.696889222422,35.2296949169888,NA,"13",137,7901,137
"793",-95.4621081391267,29.1182668890388,NA,"17",180,7000,180
"794",-97.6578913057415,30.2038300552574,NA,"17L",179,9000,179
"795",-97.679365249639,30.213613166992,NA,"17R",179,12248,179
"796",-94.9568063891891,29.7908291667183,NA,"14",143,3612,143
"797",-94.0277974441873,29.9553096390881,NA,"12",121,6750,121
"798",-94.0253581391019,29.9579883059209,NA,"16",166,5070,166
"799",-97.4283878610352,25.9128907778423,NA,"13L",135,3000,135
"800",-97.4313038059222,25.9128225835825,NA,"13R",135,7399,135
"801",-97.428850389202,25.9150743331694,NA,"17",182,6000,2
"802",-96.3730923053077,30.5852967221105,NA,"04",50,5149,50
"803",-96.372794277534,30.5914707775327,NA,"10",109,5159,109
"804",-96.362854583307,30.5966394164131,NA,"16",169,7000,169
"805",-97.513389722188,27.77699919463,NA,"13",136,7508,136
"806",-97.4963521388637,27.7812976662703,NA,"18",179,6080,179
"807",-96.8405134444919,32.9778410001306,NA,"15",160,7202,160
"808",-97.0214780559579,32.9125541663737,NA,"13L",135,9000,135
"809",-97.0831327774365,32.9095755556606,NA,"13R",139,9301,139
"810",-97.0259705558466,32.9157077775087,NA,"17C",180,13401,180
"811",-97.009778889076,32.8983205554986,NA,"17L",180,8500,180
"812",-97.0298833333566,32.9157222224761,NA,"17R",180,13401,180
"813",-97.0507356664338,32.9157991664907,NA,"18L",180,13400,180
"814",-97.0546418889371,32.9158147222452,NA,"18R",180,13400,180
"815",-96.8568005554648,32.8572739718584,NA,"13L",136,7752,136
"816",-96.8634518614915,32.8513174723811,NA,"13R",136,8800,136
"817",-96.8532180830949,32.8586621111519,NA,"18",186,6147,6
"818",-100.93348333371,29.3808638891476,NA,"13",140,6300,140
"819",-97.1977333330903,33.2117194447038,NA,"18",181,7002,1
"820",-106.399851027846,31.8015437775399,NA,"04",50,12020,50
"821",-106.369848749932,31.8057169447688,NA,"08L",88,5493,88
"822",-106.388652139034,31.802042166708,NA,"08R",93,9025,93
"823",-97.3207505558822,33.0016358331684,8,"16L",170,9600,170
"824",-97.321909167003,32.9975919447734,8,"16R",170,8220,170
"825",-94.8676476665856,29.2717166946077,NA,"14",140,6000,140
"826",-94.8590697779051,29.2735038890384,NA,"18",181,6001,1
"827",-97.663967555239,26.2331851940753,NA,"13",136,7257,136
"828",-97.6486922221605,26.2339513336604,NA,"17L",181,5949,1
"829",-97.6585711390704,26.2403832502229,NA,"17R",181,8301,1
"830",-95.1629886115155,29.5981745830167,NA,"04",44,8001,44
"831",-95.1562085831968,29.6184698336069,NA,"17L",179,4609,179
"832",-95.1643933331764,29.6183310000029,NA,"17R",179,9000,179
"833",-95.2853221948167,29.6391097501178,NA,"04",44,7602,44
"834",-95.283871222495,29.6526069162892,NA,"12L",134,5148,134
"835",-95.2855108607893,29.6509344997318,NA,"12R",134,7602,134
"836",-95.2846663887266,29.6523610555649,NA,"17",179,6000,179
"837",-95.3587909166166,30.0071607502971,7,"08L",90,9000,90
"838",-95.3549645273925,29.9934170000223,7,"08R",90,9402,90
"839",-95.3341079722335,29.9775930831501,6,"09",90,10000,90
"840",-95.3578703608427,29.9878891941204,7,"15L",152,12001,152
"841",-95.3613994723864,29.987807472239,9,"15R",152,9999,152
"842",-95.4194888891985,30.3456305552642,NA,"01",17,5000,17
"843",-95.554813305369,30.0733133610846,NA,"17R",173,7009,173
"844",-99.0918968330974,29.9785060279532,NA,"12",131,6000,131
"845",-97.689042777737,31.0785922224001,NA,"01",17,5495,17
"846",-97.9713989722903,30.5035452503624,NA,"15",161,3808,161
"847",-99.4667289447308,27.5494513331812,NA,"14",147,5927,147
"848",-99.4593330000123,27.5563685275183,NA,"17L",183,8236,3
"849",-99.4624202221829,27.5564911390736,NA,"17R",183,8743,3
"850",-94.7201231667611,32.3925443609428,NA,"13",134,10000,134
"851",-94.7166982777566,32.3940091945239,NA,"18",179,6109,179
"852",-101.822898527711,33.6622277776612,NA,"08",89,8003,89
"853",-101.817154666547,33.6598191385714,NA,"17L",180,2891,180
"854",-101.82903627767,33.6823596947494,NA,"17R",180,11500,180
"855",-98.2463278610402,26.1829276392472,NA,"13",141,7120,141
"856",-98.2357483336672,26.1807116112579,NA,"18",189,2638,9
"857",-102.203750916614,31.9317027497683,NA,"04",54,4605,54
"858",-102.21634930518,31.9476439446868,NA,"10",114,8302,114
"859",-102.197461389101,31.946236694514,NA,"16L",177,4247,177
"860",-102.205516305573,31.9594054445477,NA,"16R",175,9501,175
"861",-95.4530151115465,33.6302787781391,NA,"03",37,4624,37
"862",-95.4532334443813,33.6428975553235,NA,"14",141,4624,141
"863",-95.454431083708,33.6448201664256,NA,"17",179,6002,179
"864",-100.499867611468,31.3497041109153,NA,"03",43,5939,43
"865",-100.502060499688,31.3612417774671,NA,"09",97,4402,97
"866",-100.497513110938,31.3687735003453,NA,"18",187,8049,7
"867",-98.4699045835229,29.5232338891957,9,"04",41,8505,41
"868",-98.4776980552125,29.5402984721147,6,"12L",132,5519,132
"869",-98.4855409998197,29.5427458608277,8,"12R",132,8502,132
"870",-97.409470555674,31.1477394444719,NA,"02",28,4740,28
"871",-97.4121611114595,31.1599916666295,NA,"15",163,6301,163
"872",-95.4120666669613,32.344777778057,NA,"04",45,7201,45
"873",-95.4054128052276,32.3612162224672,NA,"13",135,5200,135
"874",-95.405431500067,32.3603539722923,NA,"17",180,4850,180
"875",-96.934078138561,28.8637501385002,NA,"13L",132,9111,132
"876",-96.9226137499718,28.8517199721787,NA,"13R",132,4643,132
"877",-96.9097545831736,28.8589336940866,NA,"18",180,4908,180
"878",-97.2299559724002,31.6035341940701,NA,"01",14,7107,14
"879",-97.238906944893,31.6170933333433,NA,"14",149,5103,149
"880",-113.107814999643,37.6906069442046,NA,"02",34,8653,34
"881",-113.106126111213,37.7027244442321,NA,"08",97,4822,97
"882",-111.865101110869,41.7909621390159,NA,"10",122,5005,122
"883",-111.847640166823,41.8058449446483,NA,"17",183,9010,3
"884",-109.762827694666,38.7474821666585,NA,"03",40,7100,40
"885",-111.984228444326,41.1404190277038,6,"14",153,13508,153
"886",-112.020821361442,41.1880250834925,NA,"03",44,8103,44
"887",-112.022219971864,41.1978610276115,NA,"07",89,3618,89
"888",-112.014967722557,41.2008817222824,6,"16",179,5195,179
"889",-111.732441638617,40.2302100003243,NA,"13",146,8599,146
"890",-111.720384833556,40.2264317223229,NA,"18",192,6614,12
"891",-111.971237222486,40.7857133332323,NA,"14",153,4892,153
"892",-111.976935555235,40.8074444441527,NA,"16L",175,12004,175
"893",-111.999283611108,40.8077755556353,NA,"16R",175,12000,175
"894",-111.96207083309,40.7989161111889,NA,"17",180,9597,180
"895",-109.51644161075,40.4446938057623,NA,"07",89,4108,89
"896",-109.510678222008,40.4468599163705,NA,"16",179,6201,179
"897",-114.043423860749,40.7189405556498,NA,"08",90,8000,90
"898",-114.04299077756,40.7262039999913,NA,"12",135,8001,135
"899",-78.4567959443786,38.1309938891602,NA,"03",22,6801,22
"900",-79.3414794162325,36.5629300276627,NA,"02",16,6500,16
"901",-79.3380688059495,36.5781866665155,NA,"13",125,4021,125
"902",-79.2079691387951,37.3147165277998,2,"04",28,7100,28
"903",-79.200936417082,37.3340984724398,NA,"17",161,3386,161
"904",-76.4993962226655,37.1244275278342,6,"02",13,6526,13
"905",-76.5013796111847,37.1250029163734,7,"07",58,8003,58
"906",-76.2082946386655,36.8858628890397,5,"05",38,9001,38
"907",-76.2121618608108,36.8968293052619,1,"14",128,4875,128
"908",-77.3296574162927,37.4988736663742,7,"02",13,6607,13
"909",-77.3258382773713,37.4963531387609,5,"07",57,5326,57
"910",-77.3235775555678,37.5166366108285,NA,"16",147,9003,147
"911",-79.9839993333675,37.3222355558735,NA,"06",49,6800,49
"912",-79.9811260836093,37.3289564722645,NA,"16",148,5810,148
"913",-78.9028953609868,38.2573671108534,4,"05",38,6002,38
"914",-64.9834269717761,18.3368679719432,NA,"10",87,7000,87
"915",-64.8162347220868,17.7000614441348,NA,"10",84,10004,84
"916",-73.1510044168478,44.4638256387188,NA,"01",351,3611,171
"917",-73.1658822499047,44.4806766110707,NA,"15",131,7820,131
"918",-72.9495029444627,43.5248937501405,NA,"01",359,5000,179
"919",-122.537555361547,48.8018748612566,NA,"16",180,6701,180
"920",-119.641083610713,47.8072349999802,NA,"03",52,2400,52
"921",-119.33292569465,47.1967319167154,NA,"04",54,10000,54
"922",-119.316880583527,47.2176664446708,NA,"09",108,3500,108
"923",-119.326508500366,47.2256575833623,NA,"14L",162,13503,162
"924",-119.330124361319,47.224024805775,NA,"14R",162,2936,162
"925",-119.133492361441,46.2559568609655,NA,"03L",45,7711,45
"926",-119.12201980537,46.2606540002612,NA,"03R",45,4423,45
"927",-119.127967722444,46.2734738608451,NA,"12",135,7703,135
"928",-117.122204805197,46.7407196113113,NA,"06",70,6730,70
"929",-122.216853999678,47.5004731111831,NA,"16",174,5382,174
"930",-118.392547222255,47.1192916666972,NA,"01",28,2614,28
"931",-117.424921138697,47.2335709723484,NA,"02",39,2807,39
"932",-122.310984999787,47.4638090552989,7,"16C",180,9426,180
"933",-122.307751166274,47.4637954442377,1,"16L",180,11901,180
"934",-122.317857028167,47.463835916668,8,"16R",180,8500,180
"935",-122.311355916863,47.5405429999342,NA,"13R",150,10000,150
"936",-117.550079888532,47.6100808053695,NA,"03",45,11002,45
"937",-117.553267749862,47.6169635277797,NA,"07",90,8199,90
"938",-117.331388222531,47.679199916955,NA,"04L",54,4499,54
"939",-117.324147444709,47.6810399168542,NA,"04R",54,2650,54
"940",-122.662823333046,45.6210927780517,NA,"08",98,3275,98
"941",-118.291676388944,46.0853210834815,NA,"02",36,6527,36
"942",-118.297492694745,46.0990269442208,NA,"07",89,4486,89
"943",-118.294760027735,46.1021869719131,NA,"16",179,5948,179
"944",-120.215137111538,47.3985934166282,NA,"07",90,4460,90
"945",-120.213561110797,47.4032250002723,NA,"12",135,5700,135
"946",-120.548134805256,46.5638998333095,2,"04",60,3835,60
"947",-120.559542944037,46.5725520276695,3,"09",110,7604,110
"948",-88.5261831111023,44.2489237224865,NA,"03",26,8002,26
"949",-88.5297319442598,44.2611736668602,NA,"12",116,6501,116
"950",-91.4927163610006,44.8592866112926,NA,"04",45,8101,45
"951",-88.1380463608162,44.4824444719019,NA,"06",60,7700,60
"952",-88.1336558610348,44.493816860942,NA,"18",180,8701,180
"953",-89.0498145837637,42.6118110002463,NA,"04",42,6700,42
"954",-89.055149666558,42.6280873054141,NA,"14",134,7301,134
"955",-89.0362442773489,42.6278424166778,NA,"18",179,5003,179
"956",-91.2595849999509,43.8701867497827,NA,"03",36,5199,36
"957",-91.2643140837461,43.8850554999674,NA,"13",134,5310,134
"958",-91.258875055992,43.8932493891939,NA,"18",179,8742,179
"959",-87.8976476389994,42.9304956942303,NA,"01L",7,9990,7
"960",-87.892362944506,42.9393779444716,NA,"01R",7,4183,7
"961",-87.9053183891431,42.9527447224987,NA,"07L",72,4800,72
"962",-87.9177583337578,42.9390725003151,NA,"07R",72,8300,72
"963",-87.9034250001373,42.9581330556103,NA,"13",132,5538,132
"964",-89.6755384997072,44.7798832779171,NA,"08",77,7647,77
"965",-89.6755414443847,44.7810522497531,NA,"17",170,6501,170
"966",-89.4866052495627,45.6302958336035,NA,"09",88,6799,88
"967",-89.4633489448352,45.6373319720649,NA,"15",147,5201,147
"968",-91.9256027778949,45.7351111108069,NA,"14",137,3711,137
"969",-88.7307680551916,43.1652186944132,NA,"05",53,4430,53
"970",-81.1257783892566,37.7820665279823,NA,"01",7,6750,7
"971",-81.1326174440759,37.7829204167432,NA,"10",97,5000,97
"972",-81.2129590000449,37.2910988330905,NA,"05",42,4743,42
"973",-81.601699444253,38.3695775553583,3,"05",47,6802,47
"974",-80.2328791665626,39.2877866663972,NA,"03",23,7800,23
"975",-80.1708166665389,39.4443047224656,NA,"05",37,3194,37
"976",-82.5716721114881,38.3721741388674,NA,"12",112,7017,112
"977",-80.4064876385587,37.8504587775605,NA,"04",35,7004,35
"978",-79.9187699997777,39.6506686664332,NA,"18",172,5199,172
"979",-81.443875166808,39.3369475001082,NA,"03",22,7241,22
"980",-81.4467251106744,39.3432693886059,NA,"10",95,4002,95
"981",-106.475030944143,42.8934023613737,NA,"03",44,10165,44
"982",-106.481905916302,42.9084846668,NA,"08",89,8679,89
"983",-104.821152277541,41.1567633334395,NA,"09",95,9270,95
"984",-104.827427361041,41.1622157500465,NA,"13",135,6690,135
"985",-109.03635074958,44.5132636109379,NA,"04",52,8268,52
"986",-105.543707916511,44.3452500280141,NA,"03",38,5803,38
"987",-105.543902333498,44.3570258887537,NA,"16",170,7500,170
"988",-105.687393972619,41.3026991943734,NA,"03",46,8500,46
"989",-105.681316194189,41.3197292778295,NA,"12",135,6300,135
"990",-108.465719111335,43.0570612776904,NA,"01",24,4800,24
"991",-108.472548638622,43.0695574999637,NA,"10",114,8204,114
"992",-106.987542611178,44.7708799442826,NA,"05",68,5039,68
"993",-106.9877551391,44.777031611219,NA,"14",156,8301,156
"994",-107.950933500193,43.9607096387641,NA,"04",57,2241,57
"995",-107.95170261079,43.9675168057766,NA,"10",119,2501,119
"996",-107.953748527442,43.9715350001406,NA,"16",175,7001,175
"997",-75.4599222224216,24.3148388887969,NA,"09",86,4980,86
"998",NA,NA,NA,"07",71,5606,71
"999",NA,NA,NA,"12",125,3750,125
"1000",NA,NA,NA,"10",103,5007,103
"1001",NA,NA,NA,"11",115,5060,115
"1002",NA,NA,NA,"12",115,6499,115
"1003",NA,NA,NA,"02",24,5006,24
"1004",NA,NA,NA,"16",161,6602,161
"1005",NA,NA,2,"10",91,4964,91
"1006",-77.8460750004044,25.741769444572,NA,"13",123,4536,123
"1007",-74.5355944441794,24.0640888891443,5,"10",95,8000,95
"1008",-77.5978138890477,24.1602472222129,NA,"10",101,5321,101
"1009",NA,NA,5,"06",60,11021,60
"1010",-77.8022444441808,24.6979333330448,NA,"09",90,4362,90
"1011",NA,NA,3,"12",117,7000,117
"1012",-76.3380222218325,25.2937388885265,3,"15",145,8035,145
"1013",-77.6918972218528,24.2867972218516,NA,"09",83,5015,83
"1014",-77.0944388888506,26.5098888888859,1,"09",88,6100,88
"1015",-73.6770972221837,20.9758944444609,NA,"10",95,7020,95
"1016",NA,NA,5,"09",90,8273,90
"1017",NA,NA,5,"14",135,11353,135
"1018",-78.0559722226563,25.0564194445853,NA,"12",112,5002,112
"1019",-79.273350000207,25.6999833332051,NA,"09",90,5409,90
"1020",-76.6898388886257,25.4725666665034,1,"07",68,6019,68
"1021",-76.1886527773488,24.8913249999143,NA,"09",88,7213,88
"1022",-77.3990944443003,26.7519305557532,3,"14",133,7001,133
"1023",-64.6940333330662,32.36667777785,8,"12",101,9669,101
"1024",NA,NA,1,"07",61,4448,61
"1025",-63.1196999997827,18.0393916665939,5,"10",82,7546,82
"1026",NA,NA,3,"07",61,4699,61
"1027",-71.9454555552453,21.9154750001611,2,"08",70,4193,70
"1028",-71.5373472224074,21.516916666708,2,"11",98,6007,98
